"refset_simple_id","parent_code_id","code_id","snomed_concept_id","emis_term"
999012891000230104,,9315231000006113,10675991000119100,Acute severe exacerbation of mild persistent allergic asthma co-occurrent with allergic rhinitis
999012891000230104,,301451010,195949008,Chronic wheezy bronchitis
999011571000230107,,7627141000006111,708030004,Pulmonary emphysema co-occurrent with fibrosis of lung
999012891000230104,,13844351000006118,703954005,"Asthma caused by house dust mite, Dermatophagoides farinae"
999011571000230107,,506053014,84409004,Purulent chronic bronchitis
999012891000230104,,419211018,708038006,Acute exacerbation of asthma
999012891000230104,,7617611000006112,707445000,Exacerbation of mild persistent asthma
999012891000230104,,9315391000006118,10676511000119109,Acute severe exacerbation of moderate persistent asthma co-occurrent with allergic rhinitis
999011571000230107,,301468014,195957006,Chronic bullous emphysema NOS
999004211000230104,,102921000006112,266918002,Tobacco smoking consumption
999012891000230104,,4020511000006119,93432008,Drug-induced asthma
999011571000230107,,2716311000006112,13645005,CAL - Chronic airflow limitation
999011571000230107,,301448015,74417001,Mucopurulent chronic bronchitis NOS
999011571000230107,,4733021000006111,185086009,Obstructive chronic bronchitis
,717321000033118,12579341000033113,,Combisal 25micrograms/dose / 50micrograms/dose inhaler (Aspire Pharma Ltd)
,591221000033116,3164541000033111,,Budesonide 400micrograms/dose / Formoterol 12micrograms/dose dry powder inhaler
,591221000033116,10735041000033115,,Beclometasone 200micrograms/dose / Formoterol 6micrograms/dose dry powder inhaler
,972021000033115,13741341000033116,,Indacaterol 125micrograms/dose / Mometasone 260micrograms/dose inhalation powder capsules with device
,717321000033118,8536141000033111,,Vertine 25micrograms/dose inhaler CFC free (Teva UK Ltd)
,591221000033116,4418141000033112,,Beclometasone 100micrograms/dose / Formoterol 6micrograms/dose inhaler CFC free
999012891000230104,,350154010,233683003,Pollen asthma
999011571000230107,,3589231000006114,66987001,Congenital lobar emphysema
999011571000230107,,301477019,87433001,Emphysema NOS
999012891000230104,,9315071000006117,10675391000119101,Severe controlled persistent asthma
999012891000230104,,9315121000006117,10675591000119109,Severe persistent allergic asthma controlled
999011571000230107,,3228311000006117,45145000,MacLeod's syndrome
999012891000230104,,1208969012,370218001,Mild asthma
999012891000230104,,13619851000006113,782513000,Acute severe exacerbation of allergic asthma
999004211000230104,,88471000006112,266920004,Trivial cigarette smoker (less than one cigarette/day)
999012891000230104,,9315251000006118,10676031000119106,Mild persistent allergic asthma controlled
999012891000230104,,3169591000006116,41553006,Enzyme lung
999012891000230104,,7016001000006111,423889005,Non IgE mediated allergic asthma
999012891000230104,,9315441000006119,10676671000119102,Moderate persistent asthma uncontrolled co-occurrent with allergic rhinitis
999012891000230104,,8465381000006111,1086701000000102,Life threatening acute exacerbation of extrinsic asthma
999012891000230104,,1208970013,370219009,Moderate asthma
,717321000033118,10715041000033111,,AirFluSal Forspiro 50micrograms/dose / 500micrograms/dose dry powder inhaler (Sandoz Ltd)
,717321000033118,13933541000033118,,Avenor 25micrograms/dose / 250micrograms/dose inhaler (Zentiva Pharma UK Ltd)
,591221000033116,8028941000033114,,Symbicort  Turbuhaler  320/9 micrograms/dose
,717321000033118,11782841000033117,,Soltel 25micrograms/dose inhaler CFC free (Cipla EU Ltd)
,591221000033116,14060041000033117,,Luforbec 200micrograms/dose / 6micrograms/dose inhaler (Lupin Healthcare (UK) Ltd)
,591221000033116,9537441000033115,,Fostair NEXThaler 100micrograms/dose / 6micrograms/dose dry powder inhaler (Chiesi Ltd)
,591221000033116,13912841000033115,,Trimbow NEXThaler 88micrograms/dose / 5micrograms/dose / 9micrograms/dose dry powder inhaler (Chiesi Ltd)
,1223821000033118,1223821000033118,704459002,Olodaterol
,1215621000033114,8946841000033112,,Fluticasone furoate 184micrograms/dose / Vilanterol 22micrograms/dose dry powder inhaler
999012891000230104,,7584561000006113,703954005,Allergic asthma caused by Dermatophagoides farinae
999012891000230104,,409865018,708038006,Asthma attack NOS
999011571000230107,,4733011000006115,185086009,COB - Chronic obstructive bronchitis
999011571000230107,,3228321000006113,45145000,Unilateral hyperlucent lung
999004211000230104,,250387019,266918002,Tobacco consumption NOS
999012891000230104,,8042581000006114,135181000119109,Acute exacerbation of mild persistent asthma
999004211000230104,,8153381000006119,428041000124106,Occasional smoker
999012891000230104,,7628301000006111,708095007,Acute severe exacerbation of allergic asthma
999011571000230107,,508562012,89549007,Chronic catarrhal bronchitis
999004211000230104,,819331000006110,160605003,Heavy cigarette smoker (20-39 cigs/day)
,972021000033115,13744141000033117,,Enerzair Breezhaler 114micrograms/dose / 46micrograms/dose / 136micrograms/dose inhalation powder capsules with device (Sandoz Ltd)
,717321000033118,10387141000033115,,Sirdupla 25micrograms/dose / 125micrograms/dose inhaler (Viatris UK Healthcare Ltd)
,591221000033116,3089741000033113,,Formoterol 12micrograms/dose dry powder inhaler
,717321000033118,12529341000033112,,Fusacomb Easyhaler 50micrograms/dose / 500micrograms/dose dry powder inhaler (Orion Pharma (UK) Ltd)
,1215621000033114,8946941000033116,,Fluticasone furoate 92micrograms/dose / Vilanterol 22micrograms/dose dry powder inhaler
,717321000033118,10387241000033110,,Sirdupla 25micrograms/dose / 250micrograms/dose inhaler (Viatris UK Healthcare Ltd)
,591221000033116,4063341000033111,,"Formoterol  Dry Powder Inhaler  12 micrograms/actuation, 120 dose"
999012891000230104,,94731013,56968009,Wood asthma
999011571000230107,,4733031000006114,185086009,Chronic obstructive bronchitis
999012891000230104,,4781531000006113,195967001,Asthmatic
999012891000230104,,4781571000006111,195967001,Bronchial hyperresponsiveness
999012891000230104,,350148014,233679003,Late onset asthma
999012891000230104,,1483199016,389145006,Allergic asthma
999012891000230104,,7584521000006119,703953004,Dermatophagoides pteronyssinus allergic asthma
999011571000230107,,2716291000006113,13645005,CAO - Chronic airflow obstruction
999004211000230104,,5003171000006114,230063004,Heavy cigarette smoker
999012891000230104,,7062421000006112,426656000,Severe persistent asthma
999011571000230107,,13651461000006115,785736001,Chronic bronchitis co-occurrent with wheeze
999011571000230107,,301453013,195951007,Acute exacerbation of chronic obstructive airways disease
999004211000230104,,4533531000006119,160613002,Admitted tobacco consumption possibly untrue
999011571000230107,,13936801000006112,836477007,Chronic emphysema caused by vapour
999011571000230107,,2010061000006113,847091000000104,Acute non-infective exacerbation of chronic obstructive pulmonary disease
,591221000033116,13916041000033111,,WockAIR 320micrograms/dose / 9micrograms/dose dry powder inhaler (Wockhardt UK Ltd)
,591221000033116,9531441000033113,,Beclometasone 100micrograms/dose / Formoterol 6micrograms/dose dry powder inhaler
,591221000033116,13774841000033112,,Trixeo Aerosphere 5micrograms/dose / 7.2micrograms/dose / 160micrograms/dose pressurised inhaler (AstraZeneca UK Ltd)
,717321000033118,1914141000033114,,Salmeterol 50micrograms/dose dry powder inhaler
,591221000033116,11707241000033115,,Budesonide 200micrograms/dose / Formoterol 6micrograms/dose inhaler CFC free
999012891000230104,,9315141000006112,10675631000119109,Severe persistent asthma controlled co-occurrent with allergic rhinitis
999004211000230104,,137791000006118,308438006,Smoking restarted
999012891000230104,,6512381000006116,389145006,Atopic asthma
999012891000230104,,9315171000006116,10675711000119106,Severe persistent asthma uncontrolled co-occurrent with allergic rhinitis
999011571000230107,,3650871000006116,70756004,Bronchial atresia with segmental pulmonary emphysema
999011571000230107,,4781431000006114,195951007,Acute exacerbation of chronic obstructive pulmonary disease
999012891000230104,,6703821000006115,404804003,Platinum asthma
999012891000230104,,14511811000006119,707445000,Acute mild persistent asthma
999004211000230104,,743331000006116,160603005,Light cigarette smoker (1-9 cigs/day)
999012891000230104,,929091000006111,407674008,Aspirin-induced asthma
999011571000230107,,3304301000006112,49691004,Occupational bronchitis
999012891000230104,,3047751000006114,34015007,Baker's asthma
,591221000033116,12434441000033111,,Fobumix Easyhaler 80micrograms/dose / 4.5micrograms/dose dry powder inhaler (Orion Pharma (UK) Ltd)
,591221000033116,2905641000033115,,Symbicort 400/12 Turbohaler (AstraZeneca UK Ltd)
,591221000033116,10740141000033110,,Fostair 200micrograms/dose / 6micrograms/dose inhaler (Chiesi Ltd)
,1223821000033118,13179141000033113,,Yanimo Respimat 2.5micrograms/dose / 2.5micrograms/dose inhalation solution cartridge with device (Boehringer Ingelheim Ltd)
,591221000033116,14045741000033118,,Trimbow 172micrograms/dose / 5micrograms/dose / 9micrograms/dose inhaler (Chiesi Ltd)
,717321000033118,14005841000033118,,Sereflo Ciphaler 50micrograms/dose / 250micrograms/dose dry powder inhaler (Cipla EU Ltd)
,972021000033115,9851941000033115,,Indacaterol 85micrograms/dose / Glycopyrronium bromide 54micrograms/dose inhalation powder capsules with device
,591221000033116,3089641000033116,,Formoterol 6micrograms/dose dry powder inhaler
999011571000230107,,457168017,313296004,Mild chronic obstructive pulmonary disease
999004211000230104,,3422221000006116,56771006,Heavy smoker (over 20 per day)
999011571000230107,,301458016,63480004,Other chronic bronchitis NOS
999012891000230104,,2988741000006118,30352005,Allergic-infective asthma
999012891000230104,,7067211000006115,426979002,Mild persistent asthma
999011571000230107,,2716231000006114,13645005,Chronic obstructive lung disease
999012891000230104,,3425381000006119,56968009,Saw dust asthma
999012891000230104,,1780388018,401193004,Asthma confirmed
999012891000230104,,301480018,195967001,Bronchial asthma
999012891000230104,,183191000006115,195949008,Recurrent wheezy bronchitis
999004211000230104,,5003161000006119,230062009,Moderate cigarette smoker
999012891000230104,,2708611000006116,13151001,Strippers' disease
999012891000230104,,7618801000006111,707512002,Uncomplicated moderate persistent asthma
,591221000033116,498041000033115,,Eformoterol Fumarate  Dry powder for inhalation with inhaler device  12 micrograms
,591221000033116,8101941000033117,,Flutiform 50micrograms/dose / 5micrograms/dose inhaler (Napp Pharmaceuticals Ltd)
,717321000033118,3163941000033115,,Fluticasone 250micrograms/dose / Salmeterol 25micrograms/dose inhaler CFC free
999012891000230104,,9315461000006115,10676711000119103,Moderate persistent asthma uncontrolled
999011571000230107,,3873191000006110,84409004,Fetid chronic bronchitis
999012891000230104,,5054391000006118,233688007,Sulfite-induced asthma
999011571000230107,,4732991000006119,185086009,Chronic bronchitis with emphysema
999004211000230104,,1780360012,401159003,Reason for restarting smoking
999012891000230104,,350156012,708094006,Acute exacerbation of intrinsic asthma
999011571000230107,,3575081000006111,66110007,Chronic diffuse emphysema caused by inhalation of chemical fumes AND/OR vapors
999012891000230104,,3637387011,762521001,Exacerbation of allergic asthma
999012891000230104,,7628191000006118,708090002,Acute severe exacerbation of asthma
999011571000230107,,4510801000006114,135836000,End stage chronic obstructive pulmonary disease
999011571000230107,,2716341000006111,13645005,Chronic airway disease
999011571000230107,,3487791000006115,60805002,Hemolytic anemia with emphysema AND cutis laxa
999012891000230104,,7618811000006114,707513007,Uncomplicated severe persistent asthma
999004211000230104,,136515019,82302008,Pipe smoker
999004211000230104,,7375991000006118,449868002,Smokes tobacco daily
999004211000230104,,5003151000006116,230060001,Light cigarette smoker
999012891000230104,,2685261000006115,11641008,Mill-workers' asthma
999012891000230104,,3047741000006112,34015007,Flour asthma
,717321000033118,1752341000033119,,Seretide 500 Accuhaler (GlaxoSmithKline UK Ltd)
,717321000033118,1252041000033114,,Salmeterol 50microgram inhalation powder blisters
,1215621000033114,9293241000033114,,Umeclidinium bromide 65micrograms/dose / Vilanterol 22micrograms/dose dry powder inhaler
,972021000033115,5707241000033115,,Onbrez Breezhaler 150microgram inhalation powder capsules with device (Novartis Pharmaceuticals UK Ltd)
,717321000033118,13980441000033119,,Seffalair Spiromax 12.75micrograms/dose / 100micrograms/dose dry powder inhaler (Teva UK Ltd)
,717321000033118,1752241000033112,,Seretide 250 Accuhaler (GlaxoSmithKline UK Ltd)
,591221000033116,13743741000033116,,Budesonide 100micrograms/dose / Formoterol 3micrograms/dose inhaler CFC free
,591221000033116,3089841000033115,,Formoterol 12microgram inhalation powder capsules with device
,717321000033118,3163841000033111,,Fluticasone 125micrograms/dose / Salmeterol 25micrograms/dose inhaler CFC free
,591221000033116,2587641000033117,,Symbicort 200/6 Turbohaler (AstraZeneca UK Ltd)
999004211000230104,,1488577017,394872000,Ready to stop smoking
999012891000230104,,7584511000006110,703953004,Allergic asthma due to Dermatophagoides pteronyssinus
999011571000230107,,1222335015,13645005,Chronic obstructive pulmonary disease NOS
999011571000230107,,301545019,13645005,Chronic obstructive airway disease
999011571000230107,,555471000006114,13645005,COAD - Chronic obstructive airways disease
999012891000230104,,3005801000006117,31387002,EIA - Exercise-induced asthma
999012891000230104,,396120014,195967001,Asthma NOS
999012891000230104,,7628271000006114,708093000,Acute exacerbation of extrinsic asthma
999012891000230104,,9315101000006110,10675471000119109,Acute severe exacerbation of severe persistent allergic asthma
999004211000230104,,137721000006115,266918002,Smoker - amount smoked
999012891000230104,,8031201000006110,99031000119107,Acute exacerbation of asthma co-occurrent with allergic rhinitis
999012891000230104,,3514930010,735589002,Uncomplicated non-allergic asthma
999011571000230107,,4781461000006117,195957006,Emphysematous bulla
999012891000230104,,7052221000006118,425969006,Exacerbation of intermittent asthma
999011571000230107,,13943961000006111,840493007,Congenital lobar emphysema of bilateral lungs
999012891000230104,,2708621000006112,13151001,Stripper's asthma
,591221000033116,9342841000033118,,DuoResp Spiromax 320micrograms/dose / 9micrograms/dose dry powder inhaler (Teva UK Ltd)
,717321000033118,12046741000033117,,Sereflo 25micrograms/dose / 250micrograms/dose inhaler (Cipla EU Ltd)
999011571000230107,,11779711000006111,66987001,CLE - Congenital lobar emphysema
999011571000230107,,2578881000006118,4981000,Panacinar emphysema
999012891000230104,,3425391000006116,56968009,Wood dust pneumonitis
999012891000230104,,11903851000006115,708038006,Severe asthma attack
999012891000230104,,7628311000006114,708095007,Acute severe exacerbation of extrinsic asthma
999012891000230104,,14504061000006110,281239006,Acute asthma
999012891000230104,,983771000006118,57607007,Work aggravated asthma
999012891000230104,,2685251000006117,11641008,Millers' asthma
999011571000230107,,27096010,16003001,Giant bullous emphysema
999004211000230104,,5495901000006112,266918002,Amount and type of tobacco smoked
999012891000230104,,14509031000006117,425969006,Acute intermittent asthma
999011571000230107,,301459012,63480004,Chronic bronchitis NOS
999012891000230104,,6720721000006111,405944004,Asthmatic bronchitis
999011571000230107,,14161371000006110,1010333003,Emphysema of left lung
999012891000230104,,350149018,233679003,Late-onset asthma
999012891000230104,,7617621000006116,707446004,Exacerbation of moderate persistent asthma
999012891000230104,,7617631000006118,707447008,Exacerbation of severe persistent asthma
999012891000230104,,13619961000006119,782520007,Exacerbation of allergic asthma due to infection
999012891000230104,,3047731000006119,34015007,Bakers' asthma
,591221000033116,13743941000033118,,Symbicort 100micrograms/dose / 3micrograms/dose pressurised inhaler (AstraZeneca UK Ltd)
,591221000033116,12635141000033117,,Flutiform K-haler 125micrograms/dose / 5micrograms/dose breath actuated inhaler (Napp Pharmaceuticals Ltd)
,717321000033118,12046641000033114,,Sereflo 25micrograms/dose / 125micrograms/dose inhaler (Cipla EU Ltd)
,1223821000033118,13178941000033117,,Olodaterol 2.5micrograms/dose inhalation solution cartridge CFC free
,591221000033116,497441000033111,,Eformoterol Fumarate  Breath-actuated inhaler  6 micrograms/dose
999011571000230107,,1948051000006112,10692761000119107,Asthma-chronic obstructive pulmonary disease overlap syndrome
999012891000230104,,145961000006117,708090002,Acute severe exacerbation of asthma
999012891000230104,,3435971000006119,57607007,Industrial asthma
999011571000230107,,4781471000006112,195957006,Bullous emphysema
999012891000230104,,9315111000006113,10675551000119104,Acute severe exacerbation of severe persistent asthma co-occurrent with allergic rhinitis
999012891000230104,,3425351000006110,56968009,Wood-workers' asthma
999012891000230104,,3425361000006112,56968009,Wood-workers' lung
999011571000230107,,3487781000006118,60805002,Haemolytic anaemia with emphysema AND cutis laxa
999012891000230104,,7628321000006118,708095007,Acute severe exacerbation of immunoglobin E-mediated allergic asthma
999011571000230107,,301450011,195949008,Chronic asthmatic bronchitis
999011571000230107,,301444018,61937009,Simple chronic bronchitis NOS
999011571000230107,,3575061000006118,66110007,Chronic diffuse emphysema due to inhalation of chemical fumes AND/OR vapours
999012891000230104,,142162019,85761009,Byssinosis
999012891000230104,,14511821000006110,707446004,Acute exacerbation of moderate persistent asthma
999012891000230104,,7626521000006110,707979007,Acute severe exacerbation of severe persistent asthma
,591221000033116,2587541000033118,,Symbicort 100/6 Turbohaler (AstraZeneca UK Ltd)
,591221000033116,13860241000033114,,Luforbec 100micrograms/dose / 6micrograms/dose inhaler (Lupin Healthcare (UK) Ltd)
,591221000033116,591221000033116,129490002,Formoterol Fumarate
,1223821000033118,9299441000033113,,Striverdi Respimat 2.5micrograms/dose inhalation solution cartridge with device (Boehringer Ingelheim Ltd)
999021691000230104,,253677014,27113001,Body weight
999011571000230107,,2716321000006116,13645005,COPD - Chronic obstructive pulmonary disease
999011571000230107,,990641000006110,13645005,Chronic obst. pulm. dis. NOS
999004211000230104,,4948531000006116,225934006,Smokes in bed
999012891000230104,,4781521000006110,195967001,Airway hyperreactivity
999011571000230107,,3575091000006114,66110007,Chronic diffuse emphysema caused by inhalation of chemical fumes AND/OR vapours
999012891000230104,,7071891000006112,427295004,Moderate persistent asthma
999012891000230104,,301508013,266361008,Intrinsic asthma NOS
999011571000230107,,6213641000006118,360470001,Chronic mucus hypersecretion
999012891000230104,,3425371000006117,56968009,Wood dust asthma
999012891000230104,,13930341000006117,829976001,Thunderstorm-induced asthma
999011571000230107,,301456017,195953005,Mixed simple and mucopurulent chronic bronchitis
999011571000230107,,3575071000006113,66110007,Chronic diffuse emphysema due to inhalation of chemical fumes AND/OR vapors
999011571000230107,,396109014,266356006,Atrophic (senile) emphysema
,591221000033116,3347041000033114,,Formoterol 12micrograms/dose inhaler CFC free
,717321000033118,1267641000033111,,Serevent 25micrograms/dose inhaler (GlaxoSmithKline UK Ltd)
,1215621000033114,8947141000033116,,Relvar Ellipta 92micrograms/dose / 22micrograms/dose dry powder inhaler (GlaxoSmithKline UK Ltd)
,717321000033118,3164241000033114,,Fluticasone propionate 500micrograms/dose / Salmeterol 50micrograms/dose dry powder inhaler
999012891000230104,,301485011,195967001,Asthma
999011571000230107,,7627151000006113,708030004,CPFE - combined pulmonary fibrosis and emphysema
999004211000230104,,250368013,160612007,Keeps trying to stop smoking
999012891000230104,,660351000006118,389145006,Allergic atopic asthma
999012891000230104,,8042571000006111,135171000119106,Acute exacerbation of moderate persistent asthma
999004211000230104,,1592611000000110,446172000,Failed attempt to stop smoking
999011571000230107,,87480013,52571006,Chronic tracheobronchitis
999011571000230107,,1222334016,13645005,Other specified chronic obstructive pulmonary disease
999011571000230107,,2716251000006119,13645005,Chronic irreversible airway obstruction
999011571000230107,,3013821000006114,31898008,Subpleural emphysema
999011571000230107,,285100019,185086009,Emphysematous bronchitis
999012891000230104,,5649191000006110,281239006,Exacerbation of asthma
999012891000230104,,8465371000006113,1086701000000102,Life threatening acute exacerbation of allergic asthma
999004211000230104,,11904991000006116,230059006,Occasional cigarette smoker
999004211000230104,,344793011,230056004,Cigarette consumption
999012891000230104,,885291000006115,389145006,Extrinsic asthma - atopy
999012891000230104,,6703881000006116,404808000,Isocyanate induced asthma
999011571000230107,,3274861000006119,47895001,Congenital emphysema
,717321000033118,13815341000033114,,Fixkoh Airmaster 50micrograms/dose / 100micrograms/dose dry powder inhaler (Thornton & Ross Ltd)
,591221000033116,8101741000033115,,Fluticasone 125micrograms/dose / Formoterol 5micrograms/dose inhaler CFC free
,972021000033115,9852041000033114,,Ultibro Breezhaler 85microgram/43microgram inhalation powder capsules with device (Novartis Pharmaceuticals UK Ltd)
999011571000230107,,9317341000006115,10692761000119107,ACOS - asthma-chronic obstructive pulmonary disease overlap syndrome
999012891000230104,,350153016,233683003,Hay fever with asthma
999012891000230104,,6920631000006113,418395004,Tea-makers' asthma
999012891000230104,,3425401000006119,56968009,Wood pulp workers' lung
999011571000230107,,183191000006115,195949008,Recurrent wheezy bronchitis
999004211000230104,,8063181000006116,203191000000107,Wants to stop smoking
999011571000230107,,5054271000006111,233674008,Pulmonary emphysema in alpha-1 PI deficiency
999012891000230104,,350152014,389145006,Allergic asthma NEC
,717321000033118,1272941000033113,,Serevent 50microgram disks (GlaxoSmithKline UK Ltd)
,717321000033118,12370841000033110,,Aloflute 25micrograms/dose / 125micrograms/dose inhaler (Viatris UK Healthcare Ltd)
999012891000230104,,9315301000006113,10676191000119106,Mild persistent asthma uncontrolled
999012891000230104,,7628331000006115,708096008,Acute severe exacerbation of intrinsic asthma
999011571000230107,,8090191000006114,293241000119100,Acute exacerbation of chronic obstructive bronchitis
999012891000230104,,396119015,708038006,Asthma attack
999012891000230104,,13930321000006112,829976001,Thunderstorm asthma
999012891000230104,,9315371000006119,10676431000119103,Acute severe exacerbation of moderate persistent allergic asthma
999012891000230104,,9322571000006112,10742121000119104,Asthma in childbirth
999012891000230104,,8465401000006111,1086711000000100,Life threatening acute exacerbation of non-allergic asthma
999012891000230104,,2786201000006115,18041002,Printers' asthma
999012891000230104,,9314961000006112,10674711000119105,Acute severe exacerbation of asthma co-occurrent with allergic rhinitis
999012891000230104,,13844341000006115,703953004,"Asthma caused by house dust mite, Dermatophagoides pteronyssinus"
999012891000230104,,9315401000006116,10676551000119105,Moderate persistent allergic asthma controlled
999004211000230104,,503483019,77176002,Current smoker
999012891000230104,,4009591000006110,92807009,Chemical-induced asthma
999011571000230107,,301460019,195957006,Chronic bullous emphysema
999011571000230107,,4781821000006113,196026004,Chronic emphysema caused by chemical fumes
,717321000033118,2147441000033116,,Seretide 250 Evohaler (GlaxoSmithKline UK Ltd)
,972021000033115,13741241000033114,,Indacaterol 125micrograms/dose / Mometasone 127.5micrograms/dose inhalation powder capsules with device
,972021000033115,13741641000033112,,Atectura Breezhaler 125micrograms/260micrograms inhalation powder capsules with device (Sandoz Ltd)
999012891000230104,,5054381000006116,233688007,Sulphite-induced asthma
999011571000230107,,301451010,195949008,Chronic wheezy bronchitis
999011571000230107,,13936791000006111,836477007,Chronic emphysema due to vapour
999012891000230104,,8437441000006111,1064811000000103,Moderate acute exacerbation of asthma
999004211000230104,,250372012,160616005,Trying to give up smoking
999004211000230104,,397733018,428041000124106,Occasional smoker
999012891000230104,,3169571000006117,41553006,Enzyme detergent lung
999012891000230104,,7628281000006112,708093000,Acute exacerbation of immunoglobulin E-mediated allergic asthma
999012891000230104,,2685281000006113,11641008,Grain worker's asthma
999011571000230107,,3304321000006119,49691004,Occupational chronic bronchitis
999011571000230107,,301457014,63480004,Other chronic bronchitis
999012891000230104,,2708631000006110,13151001,Flax dressers disease
999012891000230104,,396114013,266361008,Intrinsic asthma
999012891000230104,,13659851000006115,786836003,NFA - near fatal asthma
,591221000033116,9995741000033115,,Duaklir 340micrograms/dose / 12micrograms/dose Genuair (AstraZeneca UK Ltd)
,717321000033118,1752141000033117,,Seretide 100 Accuhaler (GlaxoSmithKline UK Ltd)
,591221000033116,12364641000033110,,Trimbow 87micrograms/dose / 5micrograms/dose / 9micrograms/dose inhaler (Chiesi Ltd)
,591221000033116,5140141000033111,,Oxis  Turbuhaler  9 micrograms/dose
,717321000033118,12197841000033113,,AirFluSal 25micrograms/dose / 125micrograms/dose inhaler (Sandoz Ltd)
999021691000230104,,2934311000006118,27113001,Weight
999011571000230107,,640491000006111,87433001,Pulmonary emphysema
999012891000230104,,7030321000006113,424643009,IgE mediated asthma
999004211000230104,,1488576014,394871007,Thinking about stopping smoking
999011571000230107,,5054311000006111,233677001,Scar emphysema
999011571000230107,,13943951000006114,840493007,Bilateral congenital lobar emphysema
999012891000230104,,69311016,41553006,Detergent asthma
999011571000230107,,457171013,313299006,Severe chronic obstructive pulmonary disease
,1215621000033114,1215621000033114,702408004,Vilanterol
,1215621000033114,8947041000033115,,Relvar Ellipta 184micrograms/dose / 22micrograms/dose dry powder inhaler (GlaxoSmithKline UK Ltd)
,717321000033118,717321000033118,108606009,Salmeterol Xinafoate
,591221000033116,4063541000033116,,Formoterol Easyhaler 12micrograms/dose dry powder inhaler (Orion Pharma (UK) Ltd)
999012891000230104,,5054371000006119,233687002,Colophony asthma
999012891000230104,,1208972017,370221004,Severe asthma
999012891000230104,,301499010,424643009,Extrinsic asthma
999004211000230104,,108938018,65568007,Cigarette smoker
999011571000230107,,4733001000006118,185086009,Bronchitis with airway obstruction
999004211000230104,,344794017,230057008,Cigar consumption
999012891000230104,,3894101000006114,85761009,Mill fever
999012891000230104,,8465391000006114,1086711000000100,Life threatening acute exacerbation of intrinsic asthma
999010051000230100,,253533013,162660004,Asthma resolved
999011571000230107,,2767421000006111,16846004,Obstructive emphysema
999012891000230104,,301509017,195977004,Mixed asthma
999011571000230107,,2882311000006111,23958009,Vanishing lung
999012891000230104,,7307941000006113,445427006,Seasonal asthma
999012891000230104,,7584551000006111,703954005,Dermatophagoides farinae allergic asthma
999004211000230104,,3419101000006116,56578002,Moderate smoker (20 or less per day)
999012891000230104,,338238011,225057002,Brittle asthma
999012891000230104,,7077481000006119,427679007,Mild intermittent asthma
999012891000230104,,3948141000006117,89099002,Chronic allergic bronchitis
,591221000033116,13767941000033116,,Glycopyrronium 7.2micrograms/dose / Formoterol 5micrograms/dose inhaler CFC free
,717321000033118,1228741000033113,,Salmeterol Xinafoate  Disks with diskhaler  50 micrograms/blister
,591221000033116,13915941000033118,,WockAIR 160micrograms/dose / 4.5micrograms/dose dry powder inhaler (Wockhardt UK Ltd)
,1223821000033118,10589241000033117,,Spiolto Respimat 2.5micrograms/dose / 2.5micrograms/dose inhalation solution cartridge with device (Boehringer Ingelheim Ltd)
,1215621000033114,12431141000033117,,Trelegy Ellipta 92micrograms/dose / 55micrograms/dose / 22micrograms/dose dry powder inhaler (GlaxoSmithKline UK Ltd)
,717321000033118,3163741000033118,,Fluticasone 50micrograms/dose / Salmeterol 25micrograms/dose inhaler CFC free
999021691000230104,,2934301000006116,27113001,Body weight
999011571000230107,,396110016,87433001,Other emphysema NOS
999012891000230104,,4781551000006118,195967001,Bronchial hyperreactivity
999012891000230104,,5492451000006111,266361008,Asthma due to internal immunological process
999011571000230107,,3013801000006116,31898008,Paraseptal emphysema
999012891000230104,,9317311000006119,10692721000119102,Chronic obstructive asthma co-occurrent with acute exacerbation of asthma
999012891000230104,,98546013,1086711000000100,Life threatening acute exacerbation of intrinsic asthma
,717321000033118,1205941000033113,,Salmeterol Xinafoate  Accuhaler  50 micrograms/dose
,717321000033118,13933441000033119,,Avenor 25micrograms/dose / 125micrograms/dose inhaler (Zentiva Pharma UK Ltd)
,1223821000033118,10589141000033112,,Tiotropium bromide 2.5micrograms/dose / Olodaterol 2.5micrograms/dose solution for inhalation cartridge with device CFC free
,717321000033118,12579441000033119,,Combisal 25micrograms/dose / 125micrograms/dose inhaler (Aspire Pharma Ltd)
,591221000033116,4418241000033117,,Fostair 100micrograms/dose / 6micrograms/dose inhaler (Chiesi Ltd)
,591221000033116,5140741000033110,,Symbicort  Turbuhaler  160/4.5 micrograms/dose
999011571000230107,,7627161000006110,708030004,Combined pulmonary fibrosis and emphysema syndrome
999012891000230104,,22508019,13151001,Flax-dressers' disease
999012891000230104,,7584541000006114,703954005,Allergic asthma due to Dermatophagoides farinae
999012891000230104,,11926371000006116,1064821000000109,Intrinsic asthma with status asthmaticus
999011571000230107,,2716261000006117,13645005,Chronic airflow obstruction
999012891000230104,,13930331000006110,829976001,Asthma exacerbation due to thunderstorm
999012891000230104,,6703841000006110,404806001,Cheese-makers' asthma
999011571000230107,,3228301000006115,45145000,Unilateral emphysema
999012891000230104,,9315291000006112,10676151000119101,Mild persistent allergic asthma uncontrolled
999012891000230104,,2685271000006110,11641008,Millers' cough
999004211000230104,,2670126018,308438006,Smoking restarted
999012891000230104,,9317341000006115,10692761000119107,ACOS - asthma-chronic obstructive pulmonary disease overlap syndrome
999011571000230107,,2716301000006114,13645005,Chronic airflow limitation
999011571000230107,,301470017,195963002,Acute vesicular emphysema
,591221000033116,1022341000033117,,Oxis 12 Turbohaler (AstraZeneca UK Ltd)
,717321000033118,3856041000033113,,Serevent 25micrograms/dose Evohaler (GlaxoSmithKline UK Ltd)
,717321000033118,13815541000033119,,Fixkoh Airmaster 50micrograms/dose / 500micrograms/dose dry powder inhaler (Thornton & Ross Ltd)
,972021000033115,13741441000033110,,Indacaterol 125micrograms/dose / Mometasone 62.5micrograms/dose inhalation powder capsules with device
999012891000230104,,9315181000006118,10675751000119107,Severe uncontrolled persistent asthma
999012891000230104,,6782071000006115,409663006,Cough variant asthma
999012891000230104,,8038971000006116,125021000119107,Intermittent asthma co-occurrent with allergic rhinitis
999011571000230107,,14071391000006114,196001008,COPD (chronic obstructive pulmonary disease) with acute lower respiratory infection
999012891000230104,,14512981000006110,762521001,Acute allergic asthma
999011571000230107,,9317331000006113,10692761000119107,Asthma-COPD overlap syndrome (ACOS)
999011571000230107,,301835010,87433001,[X]Other emphysema
999012891000230104,,2690151000006115,11944003,Feather-pickers' disease
999004211000230104,,2170961000000116,836001000000109,Waterpipe tobacco consumption
999011571000230107,,3228331000006111,45145000,Swyer-James syndrome
999012891000230104,,3514315010,72301000119103,Asthma in pregnancy
999012891000230104,,13997031000006117,10674991000119104,Intermittent allergic asthma
999012891000230104,,9315201000006117,10675871000119106,Mild persistent allergic asthma
999012891000230104,,1948051000006112,10692761000119107,Asthma-chronic obstructive pulmonary disease overlap syndrome
999012891000230104,,12618341000006116,1103911000000103,Severe asthma with fungal sensitisation
999004211000230104,,2474719011,413173009,Minutes from waking to first tobacco consumption
999012891000230104,,3514928013,735588005,Uncomplicated allergic asthma
,717321000033118,2147241000033117,,Seretide 50 Evohaler (GlaxoSmithKline UK Ltd)
,717321000033118,1267441000033114,,Serevent 50micrograms/dose Accuhaler (GlaxoSmithKline UK Ltd)
,717321000033118,13980541000033118,,Seffalair Spiromax 12.75micrograms/dose / 202micrograms/dose dry powder inhaler (Teva UK Ltd)
,972021000033115,13741741000033115,,Atectura Breezhaler 125micrograms/62.5micrograms inhalation powder capsules with device (Sandoz Ltd)
999011571000230107,,113497011,68328006,Centrilobular emphysema
999012891000230104,,11903651000006116,1064821000000109,Life threatening acute exacerbation of asthma
999012891000230104,,7030351000006116,424643009,Immunoglobulin E-mediated allergic asthma
999011571000230107,,508561017,61937009,Simple chronic bronchitis
999012891000230104,,3514925011,735587000,Acute severe exacerbation of asthma co-occurrent and due to allergic asthma
999012891000230104,,11924671000006117,1064821000000109,Extrinsic asthma with status asthmaticus
,717321000033118,13980041000033111,,Fluticasone propionate 100micrograms/dose / Salmeterol 12.75micrograms/dose dry powder inhaler
,717321000033118,12529241000033119,,Fusacomb Easyhaler 50micrograms/dose / 250micrograms/dose dry powder inhaler (Orion Pharma (UK) Ltd)
,1223821000033118,13179041000033114,,Striverdi Respimat 2.5micrograms/dose inhalation solution refill cartridge (Boehringer Ingelheim Ltd)
,1215621000033114,9293341000033116,,Anoro Ellipta 55micrograms/dose / 22micrograms/dose dry powder inhaler (GlaxoSmithKline UK Ltd)
999012891000230104,,9322561000006117,10742121000119104,Asthma in mother complicating childbirth
999011571000230107,,516801000000112,293991000000106,Very severe chronic obstructive pulmonary disease
999012891000230104,,7965491000006114,401000119107,Asthma with irreversible airway obstruction
999011571000230107,,2716241000006116,13645005,Chronic airway obstruction
999012891000230104,,7970171000006119,1751000119100,Acute exacerbation of chronic obstructive airways disease with asthma
999011571000230107,,285104011,185086009,Obstructive chronic bronchitis
999012891000230104,,7021801000006116,424199006,Substance induced asthma
999012891000230104,,301450011,195949008,Chronic asthmatic bronchitis
999012891000230104,,2815001000006115,19849005,Meat-wrappers' asthma
999011571000230107,,555461000006119,196001008,Chronic obstructive pulmonary disease with acute lower respiratory infection
999011571000230107,,301539010,13645005,Other specified chronic obstructive airways disease
999012891000230104,,3471011000006110,59786004,Weavers' cough
999012891000230104,,5054431000006112,233691007,Asthmatic pulmonary eosinophilia
,591221000033116,1022441000033111,,Oxis 6 Turbohaler (AstraZeneca UK Ltd)
,591221000033116,12403741000033110,,Fobumix Easyhaler 320micrograms/dose / 9micrograms/dose dry powder inhaler (Orion Pharma (UK) Ltd)
,591221000033116,497341000033117,,Eformoterol Fumarate  Breath-actuated inhaler  12 micrograms/dose
999012891000230104,,95786019,57607007,Occupational asthma
999011571000230107,,301464011,195959009,Zonal bullous emphysema
999012891000230104,,350147016,233678006,Childhood asthma
999012891000230104,,3511374015,734905008,Moderate acute exacerbation of asthma
999012891000230104,,3425341000006113,56968009,Wood asthma
999012891000230104,,104872017,63088003,Extrinsic asthma without status asthmaticus
999012891000230104,,7627241000006119,708038006,Acute exacerbation of asthma
999011571000230107,,885281000006118,74417001,Mucopurulent chr. bronchitis
999012891000230104,,9315261000006116,10676071000119109,Mild persistent asthma controlled
999012891000230104,,1208971012,370220003,Occasional asthma
999004211000230104,,12482301000006115,160613002,Admitted tobacco cons untrue ?
999012891000230104,,3169561000006112,41553006,Detergent workers' lung
999012891000230104,,7617601000006114,707444001,Uncomplicated asthma
999004211000230104,,67621000006112,160606002,Very heavy cigarette smoker (40+ cigs/day)
999012891000230104,,8038931000006119,124991000119109,Severe persistent asthma co-occurrent with allergic rhinitis
999012891000230104,,817361000006114,233683003,Hay fever with asthma
,591221000033116,11707341000033113,,Symbicort 200micrograms/dose / 6micrograms/dose pressurised inhaler (AstraZeneca UK Ltd)
,591221000033116,4063241000033118,,"Formoterol  Dry Powder Inhaler  12 micrograms/actuation, 60 dose"
,591221000033116,5140541000033119,,Symbicort  Turbuhaler  80/4.5 micrograms/dose
999021691000230104,,253688015,27113001,O/E - weight NOS
999004211000230104,,250369017,160613002,Admitted tobacco consumption possibly untrue
999004211000230104,,2669652019,266929003,Smoking started
999012891000230104,,9315341000006110,10676351000119103,Moderate persistent asthma controlled
999012891000230104,,3005811000006119,31387002,Exercise induced asthma
999012891000230104,,655601000006113,31387002,Exercise-induced asthma
999011571000230107,,9337016,4981000,Panlobular emphysema
999011571000230107,,2578901000006116,4981000,Vesicular emphysema
999004211000230104,,250375014,160619003,Rolls own cigarettes
999011571000230107,,5054281000006114,233674008,Pulmonary emphysema in alpha-1 primary immunodeficiency deficiency
999011571000230107,,2716271000006112,13645005,CAFL - Chronic airflow limitation
999011571000230107,,2578911000006118,4981000,Alveolar emphysema of lung
,717321000033118,13933641000033117,,Avenor 25micrograms/dose / 50micrograms/dose inhaler (Zentiva Pharma UK Ltd)
,591221000033116,9342741000033111,,DuoResp Spiromax 160micrograms/dose / 4.5micrograms/dose dry powder inhaler (Teva UK Ltd)
,717321000033118,12901741000033113,,Stalpex 50micrograms/dose / 500micrograms/dose dry powder inhaler (Glenmark Pharmaceuticals Europe Ltd)
,717321000033118,1206341000033118,,Salmeterol 25micrograms/dose inhaler
,717321000033118,11899741000033117,,Aerivio Spiromax 50micrograms/dose / 500micrograms/dose dry powder inhaler (Teva UK Ltd)
999012891000230104,,7626541000006115,707981009,Acute severe exacerbation of mild persistent asthma
999012891000230104,,3894091000006115,85761009,Cotton-dust asthma
999011571000230107,,301463017,195958001,Segmental bullous emphysema
999012891000230104,,7618791000006110,707511009,Uncomplicated mild persistent asthma
999011571000230107,,8287171000006115,847091000000104,Acute non-infective exacerbation of COPD (chronic obstructive pulmonary disease)
999012891000230104,,9315431000006112,10676631000119100,Moderate persistent allergic asthma uncontrolled
999012891000230104,,2240591000000119,866881000000101,Chronic asthma with fixed airflow obstruction
999012891000230104,,7970131000006117,1741000119102,Intermittent asthma uncontrolled
999012891000230104,,456163018,312453004,Asthma - currently active
999012891000230104,,7961271000006111,733858005,Acute severe refractory exacerbation of asthma
999012891000230104,,9315281000006114,10676111000119102,Mild persistent asthma controlled co-occurrent with allergic rhinitis
999011571000230107,,3304311000006110,49691004,Industrial bronchitis
999012891000230104,,7966291000006118,641000119106,Intermittent asthma well controlled
999011571000230107,,3274871000006114,47895001,CLE - Congenital lobar emphysema
999011571000230107,,216596014,135836000,End stage chronic obstructive airways disease
999012891000230104,,655611000006111,31387002,Exercise induced asthma
999012891000230104,,7258581000006114,442025000,Acute exacerbation of chronic asthmatic bronchitis
999011571000230107,,553211000006119,195951007,"Chron obstruct pulmonary dis wth acute exacerbation, unspec"
,1223821000033118,13178641000033112,,Spiolto Respimat 2.5micrograms/dose / 2.5micrograms/dose inhalation solution refill cartridge (Boehringer Ingelheim Ltd)
,717321000033118,13815441000033115,,Fixkoh Airmaster 50micrograms/dose / 250micrograms/dose dry powder inhaler (Thornton & Ross Ltd)
999004211000230104,,5495951000006111,266920004,Occasional cigarette smoker (less than one cigarette/day)
999012891000230104,,8038941000006112,125001000119103,Moderate persistent asthma co-occurrent with allergic rhinitis
999004211000230104,,5003181000006112,230064005,Very heavy cigarette smoker
999012891000230104,,9315221000006110,10675911000119109,Acute severe exacerbation of mild persistent allergic asthma
999012891000230104,,5492441000006114,266361008,Non-allergic asthma
999012891000230104,,2163183015,405944004,Wheezy bronchitis
999011571000230107,,7049011000006110,425748003,Acute exacerbation of chronic bronchitis
999011571000230107,,990651000006112,13645005,Chr. airway obstruction NOS
999011571000230107,,2716351000006113,13645005,COLD - Chronic obstructive lung disease
999011571000230107,,7970171000006119,1751000119100,Acute exacerbation of chronic obstructive airways disease with asthma
999012891000230104,,13834571000006115,424643009,Allergic atopic asthma
999012891000230104,,7626531000006113,707980005,Acute severe exacerbation of moderate persistent asthma
999011571000230107,,457169013,313297008,Moderate chronic obstructive pulmonary disease
999012891000230104,,8555681000006115,2360001000004109,Steroid dependent asthma
999012891000230104,,9315091000006116,10675431000119106,Severe persistent allergic asthma
999011571000230107,,301572010,196026004,Chronic emphysema due to chemical fumes
999012891000230104,,3514926012,735587000,Allergic asthma with status asthmaticus
,591221000033116,12635041000033116,,Fluticasone 50micrograms/dose / Formoterol 5micrograms/dose breath actuated inhaler CFC free
,591221000033116,3347141000033113,,Atimos Modulite 12micrograms/dose inhaler (Chiesi Ltd)
,591221000033116,8102141000033110,,Flutiform 250micrograms/dose / 10micrograms/dose inhaler (Napp Pharmaceuticals Ltd)
999011571000230107,,8033221000006118,106001000119101,Chronic obstructive lung disease co-occurrent with acute bronchitis
999011571000230107,,396108018,266355005,Bullous emphysema with collapse
999004211000230104,,1488578010,394873005,Not interested in stopping smoking
999011571000230107,,3611791000006110,68328006,Centriacinar emphysema
999012891000230104,,9317331000006113,10692761000119107,Asthma-COPD overlap syndrome (ACOS)
999012891000230104,,13774231000006116,56968009,Asthma caused by wood dust
999012891000230104,,3169601000006112,41553006,Enzyme lung disease
999010051000230100,,496491000006117,162660004,Asthma resolved
999012891000230104,,9315411000006118,10676591000119100,Moderate persistent controlled asthma co-occurrent with allergic rhinitis
999012891000230104,,12618351000006119,1103911000000103,SAFS - severe asthma with fungal sensitisation
999011571000230107,,3013811000006118,31898008,Peripheral lobular emphysema
,972021000033115,5707141000033110,,Indacaterol 300microgram inhalation powder capsules with device
,717321000033118,13980141000033110,,Fluticasone propionate 202micrograms/dose / Salmeterol 12.75micrograms/dose dry powder inhaler
,717321000033118,12579541000033118,,Combisal 25micrograms/dose / 250micrograms/dose inhaler (Aspire Pharma Ltd)
,591221000033116,3164341000033116,,Budesonide 100micrograms/dose / Formoterol 6micrograms/dose dry powder inhaler
,591221000033116,12634941000033116,,Fluticasone 125micrograms/dose / Formoterol 5micrograms/dose breath actuated inhaler CFC free
,717321000033118,1914241000033119,,Salmeterol 50microgram inhalation powder blisters with device
,972021000033115,13741541000033111,,Atectura Breezhaler 125micrograms/127.5micrograms inhalation powder capsules with device (Sandoz Ltd)
,591221000033116,8102041000033111,,Flutiform 125micrograms/dose / 5micrograms/dose inhaler (Napp Pharmaceuticals Ltd)
,717321000033118,6456541000033118,,Neovent 25micrograms/dose inhaler CFC free (Kent Pharma (UK) Ltd)
999012891000230104,,2690161000006118,11944003,Feather asthma
999011571000230107,,4781421000006111,195951007,Acute exacerbation of COPD
999012891000230104,,14504071000006115,281239006,Asthma attack
999012891000230104,,7016011000006114,423889005,Non-immunoglobulin E mediated allergic asthma
999004211000230104,,216212011,134406006,Smoking reduced
999011571000230107,,424365019,285381006,Acute infective exacerbation of chronic obstructive airways disease
999011571000230107,,1230190015,45145000,MacLeod's unilateral emphysema
999004211000230104,,5003141000006118,230059006,Trivial cigarette smoker
,972021000033115,972021000033115,702801003,Indacaterol
,717321000033118,3855941000033115,,Salmeterol 25micrograms/dose inhaler CFC free
,591221000033116,10740041000033111,,Beclometasone 200micrograms/dose / Formoterol 6micrograms/dose inhaler CFC free
,972021000033115,5707041000033111,,Indacaterol 150microgram inhalation powder capsules with device
,591221000033116,3164441000033110,,Budesonide 200micrograms/dose / Formoterol 6micrograms/dose dry powder inhaler
999011571000230107,,105519017,63480004,Chronic bronchitis
999004211000230104,,700121000006118,160604004,Moderate cigarette smoker (10-19 cigs/day)
999012891000230104,,13659841000006117,786836003,Near fatal asthma
999012891000230104,,11922851000006115,304527002,Acute asthma
999012891000230104,,7030341000006118,424643009,IgE mediated allergic asthma
999004211000230104,,8153371000006117,428041000124106,Occasional tobacco smoker
999004211000230104,,14616531000006112,77176002,Smoking
999012891000230104,,7961281000006114,733858005,Acute severe asthma
999011571000230107,,14161381000006113,1010334009,Emphysema of right lung
999011571000230107,,161781000006116,45145000,Sawyer - Jones syndrome
999012891000230104,,350151019,708093000,Acute exacerbation of allergic asthma
999012891000230104,,3894081000006118,85761009,Cotton workers' lung disease
999012891000230104,,151338014,1086701000000102,Life threatening acute exacerbation of allergic asthma
999012891000230104,,9315321000006115,10676231000119102,Mild persistent asthma uncontrolled co-occurrent with allergic rhinitis
999012891000230104,,7584531000006116,703953004,Allergic asthma caused by Dermatophagoides pteronyssinus
999011571000230107,,5054291000006112,233675009,Toxic emphysema
999011571000230107,,301455018,185086009,Obstructive chronic bronchitis NOS
,591221000033116,12430741000033111,,Fobumix Easyhaler 160micrograms/dose / 4.5micrograms/dose dry powder inhaler (Orion Pharma (UK) Ltd)
,717321000033118,3164041000033118,,Fluticasone propionate 100micrograms/dose / Salmeterol 50micrograms/dose dry powder inhaler
,972021000033115,5707341000033113,,Onbrez Breezhaler 300microgram inhalation powder capsules with device (Novartis Pharmaceuticals UK Ltd)
,1223821000033118,13178541000033111,,Tiotropium bromide 2.5micrograms/dose / Olodaterol 2.5micrograms/dose inhalation solution cartridge CFC free
,591221000033116,5140041000033112,,Oxis  Turbuhaler  4.5 micrograms/dose
,591221000033116,599641000033111,,Foradil 12microgram inhalation powder capsules with device (Novartis Pharmaceuticals UK Ltd)
999012891000230104,,301511014,195967001,Asthma unspecified
999012891000230104,,8038961000006111,125011000119100,Mild persistent asthma co-occurrent with allergic rhinitis
999004211000230104,,5003191000006110,230065006,Chain smoker
999009131000230100,,2408831000000112,941201000000103,Chronic obstructive pulmonary disease resolved
999012891000230104,,7076331000006112,427603009,Intermittent asthma
999011571000230107,,3955621000006112,89549007,Catarrhal bronchitis
999012891000230104,,21390015,12428000,Intrinsic asthma without status asthmaticus
999012891000230104,,4781581000006114,195967001,Bronchial hypersensitivity
999011571000230107,,3274881000006112,47895001,Infantile lobar emphysema
999012891000230104,,9315351000006112,10676391000119108,Moderate persistent allergic asthma
999011571000230107,,301469018,87433001,Other emphysema
999011571000230107,,475431013,13645005,Chronic obstructive pulmonary disease
999011571000230107,,301836011,13645005,[X]Other specified chronic obstructive pulmonary disease
999011571000230107,,5054301000006113,233675009,Chemical emphysema
999012891000230104,,396118011,734904007,Life threatening acute exacerbation of asthma
999012891000230104,,5054251000006118,233672007,Byssinosis grade 3
999012891000230104,,7961291000006112,733858005,Status asthmaticus
,591221000033116,12635241000033112,,Flutiform K-haler 50micrograms/dose / 5micrograms/dose breath actuated inhaler (Napp Pharmaceuticals Ltd)
,591221000033116,8101841000033113,,Fluticasone 250micrograms/dose / Formoterol 10micrograms/dose inhaler CFC free
,591221000033116,8101641000033112,,Fluticasone 50micrograms/dose / Formoterol 5micrograms/dose inhaler CFC free
999012891000230104,,2535857010,195967001,Hyperreactive airway disease
999012891000230104,,5054341000006110,233679003,Late-onset asthma
999012891000230104,,9315151000006114,10675671000119107,Severe persistent allergic asthma uncontrolled
999012891000230104,,7030311000006117,424643009,IgE-mediated allergic asthma
999011571000230107,,123588010,74417001,Mucopurulent chronic bronchitis
999012891000230104,,7015991000006110,423889005,Non-IgE mediated allergic asthma
999011571000230107,,13943971000006116,840493007,Congenital lobar emphysema of both lungs
,717321000033118,12197941000033117,,AirFluSal 25micrograms/dose / 250micrograms/dose inhaler (Sandoz Ltd)
,591221000033116,13768041000033118,,Bevespi Aerosphere 7.2micrograms/dose / 5micrograms/dose pressurised inhaler (AstraZeneca UK Ltd)
,591221000033116,10735141000033116,,Fostair NEXThaler 200micrograms/dose / 6micrograms/dose dry powder inhaler (Chiesi Ltd)
,717321000033118,2147341000033110,,Seretide 125 Evohaler (GlaxoSmithKline UK Ltd)
,717321000033118,1268941000033117,,Serevent 50microgram disks with Diskhaler (GlaxoSmithKline UK Ltd)
,717321000033118,12370941000033119,,Aloflute 25micrograms/dose / 250micrograms/dose inhaler (Viatris UK Healthcare Ltd)
999012891000230104,,4781561000006116,195967001,BHR - Bronchial hyperreactivity
999004211000230104,,99639019,59978006,Cigar smoker
999004211000230104,,5495941000006114,266920004,Occasional smoker
999004211000230104,,344795016,230058003,Pipe tobacco consumption
999012891000230104,,3402341000006114,55570000,Asthma without status asthmaticus
999012891000230104,,13775501000006113,63088003,Allergic asthma without status asthmaticus
999004211000230104,,128130017,77176002,Smoker
999012891000230104,,9934311000006111,16584951000119101,Oral steroid-dependent asthma
999012891000230104,,3169581000006119,41553006,Enzyme detergent respiratory disease
999011571000230107,,139979010,84409004,Fetid chronic bronchitis
999011571000230107,,3921361000006112,87433001,Emphysema of lung
,1223821000033118,9299341000033119,,Olodaterol 2.5micrograms/dose solution for inhalation cartridge with device CFC free
,717321000033118,3164141000033119,,Fluticasone propionate 250micrograms/dose / Salmeterol 50micrograms/dose dry powder inhaler
,591221000033116,9995641000033112,,Aclidinium bromide 396micrograms/dose / Formoterol 11.8micrograms/dose dry powder inhaler
